Category,Keywords
Meat, Chicken Beef Pork Lamb Bacon Duck Ham Sausage Venison Bolognese
Fish, Salmon Cod Shrimp Tuna Trout Sardines Halibut Crab Octopus Anchovies Lobster Haddock Mussels Swordfish Quail Catfish Snapper
Grains, Rice Spaghetti Pasta Quinoa Bulgur Oats Bread Noodles Corn Barley Couscous Wheat Rye Farro Polenta Sorghum Millet Amaranth Buckwheat Risotto Orzo Spelt Teff Kamut Triticale Emmer Freekeh Semolina Basmati Arborio
Dairy Products, Milk Cheese Butter Cream Yogurt Eggs Cottage cheese Sour cream Parmesan Feta Mozzarella Ricotta Goat cheese Brie Cheddar Gouda Swiss cheese Havarti Camembert Provolone Blue cheese Colby Mascarpone Limburger Paneer Quark Velveeta Muenster Manchego
Fruits and Vegetables, Apples Bananas Oranges Strawberries Blueberries Spinach Tomatoes Avocado Lemons Pineapples Mangoes Grapes Watermelon Cucumbers Bell peppers Peas Carrots Lettuce Broccoli Cauliflower Zucchini Potatoes Onions Garlic Ginger Kale Brussels sprouts Celery Artichokes
Baking, Flour Sugar Yeast Baking powder Chocolate Vanilla extract Honey Almond flakes Nuts Cinnamon sticks Coconut flakes Baking soda Cocoa powder Brown sugar Powdered sugar Cornstarch Shortening Cake flour Molasses Cream of tartar Confectioners sugar Granulated sugar Light brown sugar Dark brown sugar Milk powder Pectin Vanilla bean Candied peel Gelatin
Beverages, Water Coffee Tea Juice Soda Wine Beer Smoothies Iced tea Sports drinks Lemonade Milkshake Hot chocolate Margarita Mojito Sangria Mimosa Martini Pina colada Irish coffee Mai tai Mint julep Bloody Mary Pi√±a colada White Russian Cosmopolitan Long Island iced tea Whiskey sour Mudslide
Sweet, Sugar Honey Maple syrup Brown sugar Vanilla Chocolate Caramel Marshmallows Fruit preserves Condensed milk Butterscotch Agave nectar Candy canes Toffee Pralines Molasses Rock candy Buttercream Jellybeans Cotton candy Gum drops Lollipop Frosting Candied ginger Marzipan Turkish delight Fudge Sugar cubes Caramel sauce Butter toffee
Sour, Lemon Lime Vinegar Yogurt Sour cream Buttermilk Sour cherries Tamarind Sour apples Sour candies Rhubarb Gooseberries Kiwi Sour orange Grapefruit Green apple Sour grapes Sour plum Sour cherry Sour grape Sour blueberries Sour apricot Sour raspberry Sour mango Sour peach Sour papaya Sour pineapple Sour strawberry Sour banana Sour pear
Spices, Black pepper Cayenne pepper Chili powder Cumin Curry powder Paprika Red pepper flakes Wasabi Ginger Mustard powder Horseradish Szechuan pepper Jalapeno Tabasco Harissa Sriracha Habanero Chipotle Ghost pepper Scotch bonnet
